,x,y,z
0,0.623308391851,4.89040384405,1.23970877463
1,0.62330713172,4.89040389633,1.23970898303
2,0.623306380702,4.8904040497,1.23970852975
3,0.623300026402,4.89040383357,1.23971184772
4,0.62330539991,4.89040365725,1.23970842915
5,0.623256348594,4.89039970127,1.23972175482
6,0.623308779563,4.89040399727,1.23970791047
7,0.623309321293,4.89040438948,1.23970817092
8,0.623263988805,4.89039942476,1.23972030029
9,0.623258329554,4.89039969744,1.23972105702
10,0.623305465745,4.89040435411,1.23970973157
11,0.623263500812,4.89039956968,1.23971979186
12,0.623256923364,4.89039980172,1.23972107244
13,0.623300508906,4.89040449399,1.23971086216
14,0.623302579364,4.89040350489,1.23971016855
15,0.623263558763,4.8903999351,1.23972035373
16,0.623306240084,4.89040441269,1.23970917487
17,0.62331353419,4.89040427528,1.23970718784
18,0.623309540555,4.8904039137,1.23970803031
19,0.623308426169,4.89040357585,1.23970772
20,0.62330866057,4.8904036272,1.2397073926
21,0.623307240909,4.8904040688,1.23970812856
22,0.623305102503,4.8904044005,1.23970964365
23,0.623305790689,4.89040336466,1.23970967051
24,0.623300387906,4.8904035827,1.23971059295
25,0.623305746714,4.89040405916,1.23970871421
26,0.623265095897,4.89039995715,1.239719694
27,0.623271498687,4.89039947112,1.23971736711
28,0.623301540963,4.89040419772,1.23970957955
29,0.623300127836,4.8904026117,1.23971065615
30,0.623302797536,4.8904040429,1.239709857
31,0.623263858208,4.89039948312,1.23972007173
32,0.623253625806,4.89040022565,1.23972257053
33,0.62330124709,4.89040305503,1.23971046627
34,0.623306093661,4.89040393402,1.23970918012
35,0.623260984806,4.89039951553,1.239720957
36,0.623257685966,4.89039913262,1.23972164902
37,0.623275385854,4.89039986053,1.23971643171
38,0.623264168383,4.89039946998,1.23972002169
39,0.623300823539,4.89040361093,1.23971030208
40,0.623306050238,4.89040454796,1.23970860428
41,0.623252793436,4.89039931247,1.23972256728
42,0.62326510906,4.89039998403,1.23971956224
43,0.62330741722,4.89040389121,1.23970890406
44,0.623301357487,4.8904034648,1.23971079964
45,0.623310713959,4.8904039691,1.23970734438
46,0.623264200064,4.89040045985,1.2397199519
47,0.623311211797,4.89040425715,1.2397081129
48,0.62330807373,4.89040423938,1.23970933112
49,0.623262127074,4.89039947768,1.23972072307
50,0.623311228171,4.89040430689,1.23970787192
51,0.62330557008,4.8904039592,1.23970925041
52,0.62331037652,4.89040386444,1.23970796096
53,0.623305087943,4.89040394069,1.2397095121
54,0.623260750638,4.89040007208,1.23972072133
55,0.623302608817,4.89040395684,1.23971033187
56,0.623270048851,4.89039985971,1.23971836443
57,0.623306078234,4.89040378915,1.23970987028
58,0.623312881161,4.8904037528,1.23970758321
59,0.623258957619,4.89040020364,1.23972074762
60,0.623262459374,4.89040004729,1.2397202209
61,0.623297979084,4.8904031178,1.2397113508
62,0.623261357655,4.89039945304,1.23972111757
63,0.623305571432,4.89040400293,1.23970904328
64,0.623300431524,4.89040403166,1.23971076526
65,0.623305893727,4.89040398615,1.23970900609
66,0.623261826308,4.8904000852,1.23972027056
67,0.623307533254,4.89040436269,1.23970894375
68,0.623259721623,4.89039961768,1.23972093081
69,0.623308640895,4.89040437255,1.2397084968
70,0.623310371006,4.89040384369,1.23970806099
71,0.623302832181,4.89040395697,1.23971025051
72,0.623301458313,4.89040436389,1.2397111338
73,0.623258366899,4.89040010206,1.23972144114
74,0.623250368296,4.89039971003,1.2397238747
75,0.623308118913,4.89040399948,1.23970813879
76,0.623265012478,4.89040011809,1.23971896366
77,0.623306665021,4.89040434926,1.23970932104
78,0.623307313409,4.8904038157,1.2397092984
79,0.623307610858,4.89040342483,1.23970872831
80,0.623314907502,4.89040365453,1.23970731515
81,0.623302705583,4.89040344956,1.23971038441
82,0.623310172219,4.89040436499,1.23970797905
83,0.623300866798,4.8904039474,1.2397110061
84,0.623259901886,4.89039963583,1.23972077993
85,0.623305266467,4.89040404913,1.23970893516
86,0.623301714011,4.89040405628,1.23971018538
87,0.623266497687,4.89039910302,1.23971860436
88,0.623301985198,4.89040391893,1.23971073641
89,0.623306206827,4.89040350635,1.23970885054
90,0.623263186638,4.89040006492,1.23971987476
91,0.62331070142,4.89040337458,1.23970784869
92,0.623263951161,4.89040006656,1.23971959074
93,0.62330885675,4.89040388155,1.23970842939
94,0.623312262706,4.89040437756,1.23970716407
95,0.623253336692,4.89039965885,1.23972304376
96,0.623258026797,4.89039958739,1.23972168649
97,0.623252463621,4.89039971699,1.23972308456
98,0.623260719282,4.89039998089,1.23972116353
99,0.623302948513,4.89040345426,1.23971027438
100,0.623303372115,4.89040440686,1.23971023905
101,0.623305886673,4.8904035875,1.23970858282
102,0.623310347964,4.89040381765,1.23970819236
103,0.623260669631,4.89039967992,1.23972029409
104,0.623259993254,4.89040065725,1.23972053947
105,0.623259884466,4.89039962705,1.2397208277
106,0.62326369114,4.89039994492,1.23972025948
107,0.623252991091,4.89039953138,1.23972377101
108,0.623307941162,4.89040392436,1.23970855801
109,0.62330388073,4.89040398508,1.23970973869
110,0.62330278166,4.89040400216,1.23971005523
111,0.623298872381,4.89040399242,1.23971151421
112,0.623304154976,4.89040397822,1.23970967201
113,0.623312004974,4.89040491294,1.23970703694
114,0.623262201499,4.89039996158,1.23972071915
115,0.623263873835,4.89039993162,1.2397202563
116,0.623300570943,4.89040387475,1.23971145632
117,0.623255368479,4.89039967023,1.23972225573
118,0.623264952763,4.89039947497,1.23971971466
119,0.623314081033,4.89040376197,1.23970710618
120,0.623263078916,4.89039957874,1.2397199015
121,0.623264465391,4.89039933711,1.23972054223
122,0.62325944631,4.89040020191,1.23972057919
123,0.623262019344,4.8903995501,1.23972041977
124,0.62330551888,4.89040455121,1.23970878101
125,0.623297654469,4.89040412739,1.23971131659
126,0.623307054444,4.89040340051,1.23970904436
127,0.623256325339,4.89039931537,1.23972127718
128,0.62327236395,4.89039993265,1.23971718305
129,0.623268673545,4.89040058116,1.23971776191
130,0.62331219853,4.89040426258,1.23970773062
131,0.623268414941,4.89039995766,1.23971849207
132,0.623309585395,4.89040389082,1.2397081222
133,0.623300404536,4.89040357621,1.2397106176
134,0.623256758057,4.89039968267,1.23972169475
135,0.623252482995,4.89039946221,1.23972197193
136,0.623301799844,4.89040397168,1.23971055413
137,0.623308109051,4.89040385173,1.23970884055
138,0.62330217634,4.8904048236,1.23971101155
139,0.62330179949,4.8904035936,1.23971003123
140,0.623257562396,4.89040016473,1.23972143575
141,0.623257137563,4.89040001969,1.23972227461
142,0.623309292822,4.89040342266,1.23970813062
143,0.623313582839,4.89040430371,1.2397070359
144,0.623309473118,4.89040347276,1.23970782873
145,0.623312239751,4.89040482125,1.23970738534
146,0.62330414196,4.89040375623,1.2397107257
147,0.623307491215,4.89040381027,1.23970925978
148,0.623306952549,4.89040348273,1.23970869265
149,0.623306715391,4.89040396694,1.23970879986
150,0.623273746104,4.89040019224,1.23971776646
151,0.623305362586,4.89040439454,1.23970957784
152,0.623259531413,4.89039954899,1.23972132415
153,0.623304951246,4.8904042901,1.23971022002
154,0.623265418088,4.89039955135,1.23971918555
155,0.623307759429,4.89040399945,1.23970826888
156,0.623259463064,4.89040004406,1.23972131906
157,0.623252689709,4.89039920987,1.23972308961
158,0.623307242244,4.89040406878,1.23970812817
159,0.623264116797,4.89039997677,1.23971995514
160,0.623257363397,4.89039922752,1.23972131715
161,0.623303094193,4.89040393363,1.23971026609
162,0.623260916158,4.89039967556,1.23972022562
163,0.623315365969,4.89040322639,1.23970686297
164,0.623302125237,4.89040396127,1.23971048569
165,0.623259788076,4.89039905529,1.23972125473
166,0.623312750336,4.89040373669,1.23970770659
167,0.623267156109,4.89039942771,1.23971914166
168,0.623305806461,4.89040411536,1.23970842702
169,0.623260838499,4.89040055786,1.23972070363
170,0.623306023984,4.89040400242,1.23970888212
171,0.623307939902,4.89040394035,1.23970848292
172,0.623305564071,4.89040402247,1.23970895361
173,0.623261958377,4.89039953018,1.23972053594
174,0.623303737399,4.89040404833,1.23970949161
175,0.623258648182,4.89039945871,1.23972206994
176,0.623262984461,4.89039948781,1.23972036531
177,0.623262614561,4.89040013803,1.23971973606
178,0.623264072363,4.890400627,1.23971920821
179,0.623255503901,4.89039957656,1.23972264941
180,0.623305476407,4.89040444283,1.23970930851
181,0.623308581356,4.89040388566,1.23970850952
182,0.623256560751,4.89040006718,1.2397222587
183,0.623306731376,4.89040387384,1.23970923404
184,0.623273026379,4.89039979225,1.23971760713
185,0.623258392451,4.89039960554,1.23972146855
186,0.623261643382,4.89039946406,1.23972096224
187,0.62330958293,4.89040432866,1.23970836374
188,0.623310527597,4.89040438261,1.23970776735
189,0.623262092298,4.89039915634,1.23971994448
190,0.623265356191,4.89039992967,1.23971972981
191,0.623303841048,4.89040439986,1.23971010261
192,0.623268048811,4.8903998687,1.23971904479
193,0.623262688265,4.89040002791,1.23972022975
194,0.623262500274,4.89039915235,1.23971981591
195,0.623307247478,4.89040443777,1.23970869226
196,0.623309440888,4.89040338852,1.23970823844
197,0.623269454916,4.89039938911,1.23971849328
198,0.623268015154,4.89039998168,1.23971852308
199,0.623307131883,4.89040397896,1.2397085925
200,0.623305994693,4.89040348869,1.2397090107
201,0.62330949464,4.89040382482,1.23970846688
202,0.623298255726,4.89040408494,1.23971129991
203,0.623306823082,4.89040347824,1.23970876066
204,0.623303848094,4.89040400849,1.23970963989
205,0.623309449902,4.89040387062,1.23970826667
206,0.623304083414,4.89040394388,1.2397098601
207,0.623265346493,4.89039942189,1.2397198232
208,0.623309881368,4.89040443946,1.23970773228
209,0.623307192969,4.89040344288,1.23970879407
210,0.623307391543,4.89040419261,1.23970979867
211,0.623266202426,4.89040007397,1.2397187421
212,0.623307270828,4.89040399754,1.2397084545
213,0.623299078281,4.89040416363,1.23971063075
214,0.623308920195,4.89040441282,1.23970820556
215,0.623266005787,4.89039951082,1.23971916469
216,0.623309048601,4.89040342371,1.23970821394
217,0.623313655312,4.89040432068,1.2397069295
218,0.623259308809,4.89039967174,1.23972082457
219,0.623307113152,4.89040484564,1.23970912307
220,0.623255332939,4.89039958188,1.23972268603
221,0.623263332157,4.89040012733,1.23971952726
222,0.623266579333,4.89040002947,1.23971881618
223,0.623311952982,4.89040385551,1.23970743332
224,0.623312967572,4.89040422192,1.23970764475
225,0.623302087807,4.89040345668,1.23971057403
226,0.623260072189,4.89039911564,1.2397208669
227,0.623317631794,4.89040425357,1.23970580934
228,0.623309611903,4.89040343318,1.23970796558
229,0.62330754107,4.89040385396,1.2397090353
230,0.623303987609,4.89040362832,1.23970907629
231,0.623311313548,4.89040424036,1.23970815549
232,0.623305180466,4.89040355151,1.23970900814
233,0.623266552602,4.89039944139,1.23971929513
234,0.623306284044,4.89040393866,1.23970908938
235,0.623307034307,4.89040346885,1.23970872869
236,0.623265445947,4.89039944123,1.23971969583
237,0.623307523391,4.89040382227,1.23970919145
238,0.623260649025,4.89039999651,1.23972111513
239,0.623319962658,4.89040448094,1.23970620202
240,0.623263672796,4.89039984453,1.23972074051
241,0.623309068767,4.89040391727,1.23970818395
242,0.623261855178,4.89039948173,1.23972080219
243,0.623263781408,4.89040004548,1.23971975168
244,0.623309629022,4.89040386377,1.23970823428
245,0.623312340805,4.89040483502,1.23970728374
246,0.623310536092,4.8904039058,1.2397077078
247,0.62326394823,4.89039995759,1.23972010673
248,0.623308517574,4.89040489482,1.23970838304
249,0.623305697523,4.89040391008,1.23970943642
250,0.623298151789,4.8904039504,1.23971197321
251,0.623302043204,4.89040348651,1.23971044922
252,0.623298671404,4.89040365899,1.23971085282
253,0.623262237643,4.89039959406,1.23972013315
254,0.623302215851,4.89040416405,1.23970949474
255,0.623268310978,4.89040089938,1.23971869881
256,0.623255732757,4.89039963424,1.23972229413
257,0.623263746859,4.89039960421,1.23971953978
258,0.623263626657,4.89039998963,1.23972007152
259,0.62330151946,4.89040396962,1.2397106652
260,0.623313794948,4.89040442952,1.23970636472
261,0.623270246924,4.89039933564,1.23971845969
262,0.623261505582,4.89040000111,1.23972078384
263,0.623312829233,4.89040368484,1.2397079231
264,0.62330452189,4.89040456676,1.23970906784
265,0.623305913156,4.89040449378,1.23970890987
266,0.623308707126,4.89040383935,1.2397086829
267,0.623311475534,4.8904038897,1.23970744432
268,0.623258644424,4.89039955111,1.2397216347
269,0.623312267285,4.890404315,1.23970745803
270,0.623308081101,4.89040341713,1.23970859474
271,0.623306740078,4.89040439189,1.23970909248
272,0.623306884673,4.89040392709,1.23970892699
273,0.623308841653,4.89040436401,1.23970846463
274,0.62326038981,4.8904000101,1.23972114459
275,0.623255928702,4.8904001738,1.23972198328
276,0.623269486595,4.89039934143,1.23971870716
277,0.623300204665,4.89040360002,1.23971057732
278,0.623307975817,4.89040339509,1.23970873692
279,0.623313939324,4.89040438102,1.2397065417
280,0.623309909216,4.89040433558,1.23970821308
281,0.623305325434,4.89040447963,1.23970918917
282,0.623306376676,4.89040402702,1.23970863836
283,0.623301481026,4.89040399726,1.23971054846
284,0.623259603755,4.89039976454,1.23972027944
285,0.623266261772,4.8903995235,1.23971901226
286,0.623251781793,4.89040012606,1.23972370751
287,0.623262287756,4.89040045989,1.23972064284
288,0.623313435343,4.89040372005,1.23970753762
289,0.623306651584,4.89040395332,1.23970888726
290,0.623307461516,4.89040394124,1.2397086516
291,0.62331257468,4.89040389623,1.23970701621
292,0.623260954684,4.89039956875,1.23972071643
293,0.623295488897,4.89040354552,1.23971253927
294,0.623263107257,4.89039967552,1.23971943393
295,0.623257853424,4.89040011249,1.23972157742
296,0.62326199628,4.89040006184,1.23972031954
297,0.623305505713,4.89040406431,1.23970877698
298,0.623262202138,4.8903996543,1.23971986131
299,0.623273169369,4.89039976373,1.23971769019
300,0.62330429678,4.89040441321,1.23970987483
301,0.623302983497,4.89040406095,1.23970970446
302,0.623258076447,4.89039908358,1.23972173962
303,0.623300880391,4.89040355383,1.23971055134
304,0.62331063547,4.89040339639,1.23970776945
305,0.623268142306,4.89039945936,1.23971863572
306,0.623307869382,4.89040357529,1.23970792386
307,0.623271082031,4.89040035432,1.23971796338
308,0.623267108607,4.89039950115,1.23971881182
309,0.623263314042,4.89040000679,1.2397201034
310,0.62330292616,4.89040448086,1.23971005053
311,0.623305179209,4.89040395392,1.2397094166
312,0.623261251575,4.89039971846,1.23971990167
313,0.623262213041,4.89039953194,1.2397204356
314,0.623304438726,4.89040396079,1.23970965178
315,0.623266283111,4.89039985058,1.23971976852
316,0.623305733835,4.89040438276,1.23970949931
317,0.623303098443,4.89040452828,1.23970976419
318,0.623262712278,4.89039991785,1.23972074115
319,0.623302800394,4.89040443761,1.23971030036
320,0.6233081747,4.89040380285,1.2397090478
321,0.62326535184,4.89039944541,1.23971971009
322,0.623263322993,4.89039999485,1.23972015662
323,0.623270362863,4.89039981615,1.23971845681
324,0.623305155485,4.89040394368,1.23970947358
325,0.623308944705,4.8904038122,1.23970872532
326,0.623261243493,4.89039962971,1.23972032398
327,0.623312728084,4.89040440255,1.23970687776
328,0.623256446913,4.89039963732,1.2397220215
329,0.623260047347,4.89039944965,1.23972160711
330,0.623312323448,4.89040420169,1.2397079732
331,0.623298576932,4.89040413637,1.23971094074
332,0.623314886112,4.89040369773,1.23970711876
333,0.623310217695,4.89040339985,1.23970790412
334,0.62326549201,4.89039963096,1.23971878267
335,0.623309479975,4.89040438991,1.23970811152
336,0.623303206597,4.89040445931,1.239710051
337,0.623306937629,4.89040378744,1.23970956775
338,0.623307615412,4.89040380842,1.23970922365
339,0.623300888928,4.89040387001,1.2397113638
340,0.623316156762,4.8904037489,1.23970641765
341,0.623315295442,4.89040417594,1.23970702064
342,0.623309389846,4.89040392081,1.23970805118
343,0.623304727343,4.89040440245,1.23970977003
344,0.623303967139,4.89040394213,1.23970991041
345,0.623261952607,4.89039960109,1.23972020297
346,0.623261587659,4.89039958014,1.23972043382
347,0.623309753299,4.89040381124,1.23970843758
348,0.623254159605,4.89039925045,1.23972236664
349,0.623304813956,4.89040438675,1.23970981292
350,0.623261893969,4.89040002865,1.23972051333
351,0.623302436573,4.89040304562,1.23971008082
352,0.623257632242,4.89039956966,1.23972191284
353,0.623312708703,4.89040435563,1.2397071065
354,0.623308472513,4.89040336963,1.23970867771
355,0.6232590043,4.89039970752,1.23972076552
356,0.623299627304,4.89040360586,1.23971075843
357,0.623259342804,4.89039959069,1.23972119528
358,0.623267384908,4.89039937276,1.23971931867
359,0.623313071652,4.89040439465,1.23970679091
360,0.623260797539,4.89039957109,1.23972076215
361,0.623314677292,4.89040422405,1.23970701675
362,0.623254062607,4.89039983202,1.23972196314
363,0.623310273313,4.89040449888,1.23970730983
364,0.623299915952,4.89040446464,1.23971121518
365,0.623303199922,4.89040392997,1.23971024519
366,0.623310065308,4.89040388644,1.23970796945
367,0.623270437597,4.89039986224,1.23971821196
368,0.623310460514,4.8904042503,1.23970841681
369,0.623303881755,4.89040437496,1.23971020557
370,0.623261241868,4.89039957766,1.23972057054
371,0.623303662398,4.89040392307,1.23971011063
372,0.623309810433,4.89040389995,1.23970799775
373,0.623309832996,4.89040430687,1.2397083763
374,0.623259212049,4.89039958708,1.23972125957
375,0.623314511784,4.8904042765,1.23970682869
376,0.623263599519,4.89039989908,1.23972050924
377,0.623261195789,4.89040007308,1.23972055571
378,0.6233077525,4.89040439136,1.23970872906
379,0.623267987029,4.89039936447,1.23971914022
380,0.623312096282,4.89040469632,1.23970802754
381,0.62331276193,4.89040337023,1.23970712449
382,0.623303468131,4.89040451721,1.23970968286
383,0.623262303928,4.89039948059,1.23972064538
384,0.623267191854,4.89039991063,1.23971915635
385,0.623304004522,4.89040391519,1.2397100242
386,0.623315009555,4.89040370022,1.23970706236
387,0.623305536702,4.89040443291,1.23970933357
388,0.623262398915,4.89040052974,1.23972027259
389,0.623266031553,4.89039945889,1.23971940077
390,0.623304260592,4.89040346734,1.23970973835
391,0.62331295323,4.89040423395,1.23970759309
392,0.623262779335,4.89039995296,1.23972055102
393,0.623253109094,4.89039967057,1.23972307063
394,0.623255879981,4.89039925397,1.23972172829
395,0.623306374021,4.89040385556,1.23970944957
396,0.623266874092,4.89039950813,1.23971886359
397,0.623265552131,4.89040050272,1.2397192607
398,0.623310594971,4.89040433162,1.23970798396
399,0.623266224831,4.89039938727,1.23971966932
400,0.623302404546,4.89040446226,1.23971032697
401,0.623251856693,4.89040078424,1.2397228799
402,0.623307108585,4.89040393192,1.23970882324
403,0.623263392006,4.89039948243,1.23972024348
404,0.62326578899,4.89039996279,1.23971941689
405,0.623302131337,4.89040399312,1.23971033301
406,0.62326387141,4.89040001931,1.2397198428
407,0.623257968375,4.89039921226,1.23972117062
408,0.623262494009,4.89039967911,1.2397196386
409,0.623303524512,4.89040359703,1.23970939153
410,0.623265794563,4.89039940271,1.2397197519
411,0.623257824037,4.89039961681,1.23972162072
412,0.62325686099,4.89040001549,1.23972239444
413,0.623310573464,4.89040437915,1.23970776712
414,0.623302783433,4.89040455172,1.23970976728
415,0.623296685908,4.89040431889,1.23971076173
416,0.623307711082,4.89040340528,1.23970878446
417,0.623308869291,4.89040387859,1.23970843885
418,0.62330821569,4.89040439904,1.23970852534
419,0.623270205632,4.89039932515,1.23971852418
420,0.623269147239,4.89039991968,1.23971840692
421,0.623307339657,4.89040386043,1.23970907753
422,0.623270072468,4.89040034577,1.23971836867
423,0.623301218576,4.89040356476,1.23971037749
424,0.62325734672,4.89039957045,1.23972201228
425,0.623262875489,4.89039960261,1.23971986225
426,0.623307820204,4.89040397216,1.23970837586
427,0.623261257991,4.89040004091,1.23972068526
428,0.623299657997,4.89040303776,1.23971112225
429,0.623306541803,4.89040446913,1.23970879915
430,0.623259395398,4.89039951631,1.23972152775
431,0.62326739318,4.8903999236,1.23971902232
432,0.623301601946,4.89040454018,1.23971024883
433,0.623304696583,4.89040405555,1.23970911083
434,0.623300526388,4.89040438472,1.23971137221
435,0.623305691492,4.8904039475,1.23970926179
436,0.623308214734,4.89040347485,1.23970827368
437,0.623301728384,4.89040407967,1.23971006965
438,0.623303854249,4.89040387924,1.23971024842
439,0.623302580745,4.89040392463,1.23971049419
440,0.623313205717,4.89040335737,1.23970702486
441,0.623265055819,4.89039941163,1.23971997671
442,0.623265234505,4.89039991412,1.23971984727
443,0.623257358102,4.89039963277,1.23972171368
444,0.623310362012,4.89040436703,1.23970790084
445,0.623250804006,4.89039978339,1.23972337058
446,0.623302687347,4.89040344428,1.23971041595
447,0.623303597739,4.89040435837,1.23971038664
448,0.623307144922,4.89040403569,1.23970831976
449,0.62331104547,4.89040378642,1.23970808784
450,0.623310519822,4.89040377065,1.23970835234
451,0.623299387352,4.89040365178,1.23971062813
452,0.623305995018,4.89040389576,1.23970939657
453,0.623265375654,4.89039993284,1.23971970777
454,0.62331334932,4.89040378816,1.23970724688
455,0.623261757314,4.89040056568,1.23972033461
456,0.623262659221,4.89040019499,1.23971945076
457,0.623257136836,4.89039956264,1.23972212507
458,0.623305934965,4.89040397459,1.23970904581
459,0.623305578149,4.89040388393,1.23970960318
460,0.623308821413,4.89040429904,1.23970877893
461,0.623258363464,4.89040056975,1.23972154193
462,0.623306565929,4.89040382753,1.23970951264
463,0.623313573701,4.89040538758,1.23970653665
464,0.623262303972,4.89039958474,1.23972015321
465,0.623308101762,4.89040386381,1.23970878609
466,0.623265974323,4.89039941253,1.23971964053
467,0.623308006339,4.89040435286,1.23970881922
468,0.623259164985,4.89039963222,1.23972106328
469,0.623268076995,4.89039938605,1.23971900575
470,0.623264420095,4.89039964607,1.23971909866
471,0.623306423533,4.89040445717,1.2397088984
472,0.623262584906,4.89040048184,1.23972043171
473,0.623305826162,4.89040446399,1.23970908208
474,0.623258711103,4.89039966259,1.23972108379
475,0.623305539509,4.89040398048,1.23970916087
476,0.62326949716,4.89039987349,1.23971849871
477,0.623312047404,4.89040336978,1.23970738486
478,0.623254299589,4.89039923031,1.23972241122
479,0.62329926023,4.89040368839,1.2397105011
480,0.623305861039,4.89040398193,1.23970903783
481,0.623307301392,4.8904038084,1.23970933725
482,0.623259819784,4.89039967176,1.23972063979
483,0.623247989352,4.89039923131,1.23972468694
484,0.623310708892,4.8904038088,1.23970810371
485,0.623260747643,4.89039912849,1.23972056208
486,0.623262313098,4.89039954295,1.23972034742
487,0.623304337043,4.89040342523,1.23970990972
488,0.623306316351,4.89040400622,1.23970875845
489,0.623304602665,4.89040351915,1.23970936987
490,0.623297867982,4.89040394924,1.23971208127
491,0.623304315645,4.89040427684,1.2397105124
492,0.623256438723,4.8904000761,1.23972226061
493,0.623307926579,4.89040393777,1.23970849992
494,0.623303076683,4.89040342943,1.23971034538
495,0.623266908914,4.89040006621,1.23971852342
496,0.623251680964,4.89039885653,1.23972281425
497,0.623253811276,4.89039974343,1.2397224726
498,0.62326300659,4.89040010025,1.2397197729
499,0.623301862416,4.89040394505,1.23971065734
500,0.623303627427,4.89040392082,1.23971013392
501,0.623304297831,4.89040447846,1.23970956611
502,0.623254895625,4.89039924781,1.23972211313
503,0.623298329941,4.89040418658,1.23971079276
504,0.623312630991,4.89040383358,1.23970729187
505,0.623266160365,4.89039998641,1.23971917104
506,0.623260602685,4.89040009789,1.23972065283
507,0.623311037254,4.89040426322,1.23970814732
508,0.623260099806,4.89040012899,1.2397206876
509,0.623302920138,4.89040388138,1.23971057593
510,0.623306383369,4.89040415835,1.23971032497
511,0.623296882716,4.89040365389,1.23971152341
512,0.623301847648,4.89040440321,1.23971080728
513,0.623263853778,4.89039996333,1.23972011373
514,0.623256726685,4.89039971578,1.23972154963
515,0.623305901944,4.89040429606,1.23970984823
516,0.623301659991,4.8904040786,1.23971009941
517,0.623266375641,4.89039991447,1.23971943319
518,0.623311123578,4.89040382691,1.23970786826
519,0.623266724043,4.89039990928,1.23971933182
520,0.623264473068,4.89039932867,1.23972057935
521,0.623302498438,4.89040395848,1.23971036398
522,0.623268891431,4.89040058416,1.23971766902
523,0.623260237081,4.89039963916,1.23972064305
524,0.623305774106,4.89040386295,1.23970963148
525,0.623261298876,4.89040004238,1.2397206635
526,0.623308988931,4.89040397123,1.23970795785
527,0.623260440774,4.8903995771,1.2397208627
528,0.623271086151,4.89039990951,1.2397177542
529,0.623308396687,4.8904039495,1.23970827456
530,0.623303761935,4.89040359072,1.23970933557
531,0.623264572672,4.8904000316,1.23971953132
532,0.623312243873,4.89040435979,1.23970725486
533,0.6232973148,4.89040406233,1.23971174681
534,0.623301651701,4.89040360482,1.23971003163
535,0.623305257489,4.8904041416,1.23970850144
536,0.623307026773,4.89040390953,1.23970895859
537,0.623259820361,4.89040010955,1.23972088045
538,0.623307970309,4.89040389824,1.23970867094
539,0.623254857866,4.8904001684,1.23972239579
540,0.62326872979,4.89039994673,1.23971842995
541,0.62326508254,4.89039964523,1.23971886322
542,0.623308520596,4.89040372756,1.23970927855
543,0.623298912554,4.89040355402,1.23971126169
544,0.623306742179,4.89040395631,1.23970884042
545,0.623309802945,4.8904037751,1.23970859041
546,0.623299333059,4.89040352137,1.23971126401
547,0.623310830548,4.89040384865,1.23970787145
548,0.623266443568,4.89040005301,1.23971875399
549,0.623308188005,4.89040439736,1.23970854326
550,0.62330523452,4.89040391977,1.23970955802
551,0.623303577656,4.89040444754,1.23970997252
552,0.62326651562,4.89039956069,1.23971874479
553,0.623260477033,4.89040003518,1.23972099455
554,0.623309806188,4.89040478395,1.23970844118
555,0.623298391316,4.89040413446,1.23971101688
556,0.623268455832,4.89039997511,1.23971839486
557,0.623267319345,4.89039985874,1.23971935547
558,0.623261145769,4.89039972004,1.23971993246
559,0.623300121984,4.89040457267,1.23971063023
560,0.623311943418,4.89040422818,1.23970798534
561,0.623309491588,4.8904034433,1.23970796124
562,0.62330952849,4.89040393402,1.23970793864
563,0.623260951015,4.89039956325,1.23972074373
564,0.623307395926,4.89040424949,1.23970952834
565,0.62331103577,4.89040428338,1.23970805257
566,0.623262863905,4.89040005863,1.23972002114
567,0.623309589938,4.89040327937,1.23970870035
568,0.623310137051,4.89040429956,1.23970830095
569,0.623308690607,4.89040398123,1.23970801842
570,0.62330432192,4.8904038688,1.23971012871
571,0.623263309544,4.89039991243,1.23972055091
572,0.623303753603,4.89040405779,1.23970944103
573,0.623258885629,4.89040009988,1.23972126397
574,0.623312185061,4.8904041857,1.23970809878
575,0.623258299664,4.89039917122,1.23972124485
576,0.623267257494,4.89039985689,1.23971938659
577,0.623263257255,4.89039999027,1.23972020198
578,0.623262456795,4.89039967411,1.23971967567
579,0.623257560415,4.89039911211,1.23972179134
580,0.623303641045,4.89040410669,1.23970925069
581,0.623303595888,4.89040403308,1.23970961484
582,0.623260305594,4.89039999885,1.23972122817
583,0.62330390058,4.89040496939,1.23970969943
584,0.62330548692,4.89040444545,1.23970929233
585,0.62326441501,4.89040052469,1.23971956783
586,0.623268171516,4.89040000018,1.23971837915
587,0.623265486153,4.89039947413,1.23971952587
588,0.623262923027,4.89039962273,1.23971974999
589,0.623260613883,4.89039961549,1.23972061872
590,0.623307557787,4.89040391967,1.23970871877
591,0.623305908304,4.89040429266,1.239709862
592,0.623266240521,4.89039985399,1.2397197678
593,0.623299757649,4.89040404726,1.2397109351
594,0.62330904883,4.89040332355,1.23970868716
595,0.623260224298,4.89039945952,1.23972149655
596,0.623310350206,4.89040434706,1.23970799946
597,0.62325278939,4.8903992063,1.23972307047
598,0.62329473999,4.89040366571,1.23971224204
599,0.623260135467,4.89039898763,1.23972144894
600,0.623311954414,4.89040381729,1.2397076134
601,0.623307076426,4.89040397683,1.23970862261
602,0.623309539277,4.89040339538,1.23970817046
603,0.623306095751,4.89040446552,1.2397089774
604,0.623300212087,4.890403928,1.23971133438
605,0.623306472475,4.89040444811,1.23970892351
606,0.623308001757,4.8904038542,1.23970886766
607,0.623265380182,4.89039942294,1.23971980604
608,0.623260221345,4.89039985501,1.23972193835
609,0.623269079286,4.89039985265,1.23971874822
610,0.623308485648,4.89040394609,1.23970825854
611,0.623266188997,4.89039937322,1.23971974869
612,0.623300995884,4.89040388924,1.23971123425
613,0.623309489538,4.89040419466,1.23970903072
614,0.623259299428,4.89039952052,1.23972154255
615,0.623258011805,4.89040013442,1.23972141654
616,0.623299457921,4.89040370281,1.23971036152
617,0.623300400819,4.89040394602,1.23971118104
618,0.623251095972,4.89039935929,1.23972295949
619,0.623268988662,4.89039977763,1.23971913547
620,0.623261673971,4.89039949902,1.23972078597
621,0.623259757913,4.890400132,1.23972079694
622,0.623302644591,4.8904034949,1.23971019218
623,0.62326363778,4.8903999367,1.23972031762
624,0.62326278132,4.89040014717,1.23971963257
625,0.623255246591,4.89039963247,1.23972247819
626,0.623311052207,4.89040444005,1.2397073063
627,0.623305476807,4.89040397309,1.23970921846
628,0.62326672278,4.89039933888,1.23971971805
629,0.623298680773,4.89040357831,1.2397112307
630,0.623261338407,4.89039993556,1.23972115402
631,0.623256800036,4.89039972302,1.23972148893
632,0.62330526149,4.89040354961,1.23970898782
633,0.623308585199,4.89040438797,1.23970844407
634,0.623308734343,4.8904046937,1.23970925507
635,0.623306985209,4.89040404711,1.23970832352
636,0.623305955572,4.89040395067,1.23970915136
637,0.623310433012,4.8904043007,1.2397081886
638,0.623264619342,4.89040051731,1.23971952885
639,0.623266204747,4.89040001213,1.23971903346
640,0.623261891095,4.89040000786,1.2397206126
641,0.623313111873,4.89040437253,1.23970688089
642,0.623258333302,4.89039868917,1.23972120096
643,0.623310846642,4.89040383382,1.23970793572
644,0.62330392057,4.89040411711,1.23970910041
645,0.62326174717,4.89039995307,1.23972092353
646,0.623307923467,4.89040343198,1.23970858152
647,0.623305171815,4.89040400957,1.23970915631
648,0.623302639964,4.89040363383,1.23970953735
649,0.623268955245,4.89039951806,1.23971806454
650,0.623300305574,4.89040399674,1.23971097579
651,0.623262401886,4.89039900731,1.23972053682
652,0.623254348009,4.89039978542,1.23972208021
653,0.623261466449,4.89040001697,1.23972072304
654,0.623307011007,4.89040344559,1.23970884702
655,0.623254577989,4.89040005454,1.23972303497
656,0.623306271055,4.89040350262,1.23970884497
657,0.623256560114,4.89039925078,1.23972149756
658,0.623269350997,4.89039989859,1.23971843294
659,0.623300036908,4.89040349351,1.23971114127
660,0.623263493421,4.89040001036,1.23972002172
661,0.623307134816,4.89040450263,1.23970842649
662,0.623303601595,4.89040435831,1.23971038552
663,0.623309704684,4.89040437474,1.23970810197
664,0.623302488951,4.89040405583,1.23970990743
665,0.623304722492,4.89040401419,1.23970929691
666,0.623305588831,4.89040386796,1.23970967477
667,0.623304131928,4.89040439206,1.23971003435
668,0.623268391011,4.89040000246,1.23971828905
669,0.623311483352,4.89040440724,1.23970730552
670,0.623309931297,4.8904038683,1.23970810362
671,0.623306527898,4.89040389144,1.23970922441
672,0.623256962845,4.8903996706,1.23972167778
673,0.623264560971,4.89039932736,1.23972055377
674,0.623305946555,4.89040436344,1.23970951372
675,0.623269751776,4.89039989052,1.2397183262
676,0.623263221136,4.89039955233,1.23971997492
677,0.623296643955,4.89040416676,1.23971149581
678,0.623304827662,4.89040443445,1.23970958258
679,0.623301924914,4.89040346398,1.23971059844
680,0.62325706453,4.89039968714,1.23972156288
681,0.623306440811,4.8904039391,1.23970903065
682,0.623262906033,4.89040098498,1.23972024771
683,0.623303596803,4.89040444448,1.23970998007
684,0.62331065767,4.89040394843,1.23970746244
685,0.623292348212,4.89040321774,1.23971291372
686,0.623266490736,4.89039996274,1.23971916348
687,0.623251223242,4.89039923033,1.23972352291
688,0.623264729749,4.89039999124,1.23971966525
689,0.623304184201,4.89040408957,1.23970913525
690,0.623311849385,4.89040469654,1.23970811574
691,0.623310813891,4.89040343886,1.2397075043
692,0.623256125424,4.89039962839,1.23972217987
693,0.623264097665,4.89039948093,1.23971999555
694,0.623264294091,4.89039992066,1.23972015624
695,0.623267226202,4.89039960355,1.23971828545
696,0.623257190788,4.89039949292,1.239722435
697,0.623305821123,4.89040426549,1.23971002189
698,0.62329800202,4.89040373163,1.23971075154
699,0.623305435385,4.89040379163,1.23971009092
700,0.623300373715,4.89040461058,1.23971036012
701,0.623303197481,4.89040445945,1.23971005365
702,0.62330168722,4.89040420944,1.23970947131
703,0.623266310017,4.8903993006,1.23972004812
704,0.623309027105,4.89040337386,1.23970845727
705,0.623305322402,4.89040433109,1.23970989219
706,0.623307173415,4.89040390457,1.23970892904
707,0.623310499113,4.89040528501,1.23970813263
708,0.623315118078,4.89040425913,1.23970669164
709,0.623303096446,4.89040406413,1.23970964861
710,0.623302050825,4.89040356347,1.23971008277
711,0.62326725864,4.89039948503,1.23971883376
712,0.623305635128,4.89040405334,1.23970878203
713,0.623307287537,4.8904043851,1.23970892668
714,0.623307189996,4.89040397323,1.23970859858
715,0.623304476767,4.89040399356,1.2397094832
716,0.623319267803,4.89040455657,1.23970609579
717,0.623312852996,4.89040425837,1.23970751396
718,0.623310489915,4.89040422972,1.23970850343
719,0.623260303592,4.89039959302,1.23972083702
720,0.623306336129,4.89040389345,1.23970928421
721,0.62329661649,4.89040354954,1.23971211276
722,0.623268516343,4.89039953988,1.23971812005
723,0.623313959543,4.89040418006,1.23970748404
724,0.623304917665,4.89040444561,1.23970949731
725,0.623301673219,4.89040351563,1.23971044533
726,0.623306742357,4.89040433994,1.23970933714
727,0.623298574071,4.89040406924,1.239711259
728,0.623304095734,4.89040492482,1.23970983951
729,0.623315782416,4.890403291,1.23970640716
730,0.623263067383,4.89039961711,1.23971972436
731,0.62325681129,4.89039953746,1.23972236168
732,0.623303902645,4.89040457322,1.23970926114
733,0.623266824281,4.89039948526,1.23971898963
734,0.623296795143,4.89040369477,1.23971136189
735,0.623260110551,4.89040059023,1.23972081375
736,0.62324711201,4.89039977817,1.23972472948
737,0.623302936421,4.89040355859,1.23970978574
738,0.623262990926,4.8904006091,1.23971968363
739,0.623255656437,4.8903998284,1.23972140422
740,0.623299008329,4.89040405566,1.23971116624
741,0.623263739699,4.890400006,1.23971995332
742,0.623306268932,4.89040392794,1.2397091455
743,0.623308548678,4.89040331504,1.23970890814
744,0.623303510197,4.89040401421,1.23970973495
745,0.623312319198,4.89040440865,1.23970699673
746,0.623306154634,4.89040380884,1.23970974961
747,0.623308562896,4.89040335927,1.23970869402
748,0.623308407924,4.8904045267,1.23970785259
749,0.623255300625,4.89040011736,1.23972247694
750,0.623264232806,4.89039958082,1.23971947469
751,0.623306845717,4.8904038678,1.23970922125
752,0.623307439071,4.89040458004,1.23970795074
753,0.623313965918,4.89040380743,1.23970693294
754,0.623310709593,4.89040491489,1.23970749591
755,0.623307307937,4.89040334325,1.23970922329
756,0.62330715568,4.89040398052,1.23970857657
757,0.623312352186,4.89040373708,1.23970784867
758,0.623296534253,4.8904040087,1.23971228233
759,0.623261431465,4.89039999666,1.23972083165
760,0.623265060202,4.89039955685,1.23971928892
761,0.623304065649,4.89040453815,1.23970936797
762,0.623307129655,4.89040343912,1.23970883472
763,0.623260006325,4.89040061539,1.23972073252
764,0.623257335711,4.89039967408,1.23972152659
765,0.623260274045,4.89039950599,1.23972125898
766,0.623304561643,4.89040340382,1.23970992968
767,0.623263088158,4.89040056252,1.23971986858
768,0.623264367965,4.89040002302,1.23971964585
769,0.623300191009,4.89040399567,1.23971102224
770,0.623263507092,4.89040003307,1.23971990945
771,0.623261160536,4.89040006528,1.23972060532
772,0.623258554028,4.89039957884,1.23972153634
773,0.623310196619,4.89040439379,1.23970783417
774,0.623310624822,4.89040391489,1.23970763276
775,0.623268352601,4.89039991138,1.2397187333
776,0.623308449287,4.89040385221,1.23970871532
777,0.623265382353,4.89040055106,1.23971909361
778,0.623261802045,4.89039959778,1.23972027302
779,0.623265720349,4.8903994262,1.23971966771
780,0.62330686248,4.89040386686,1.23970921963
781,0.623309279105,4.89040334581,1.23970849875
782,0.623306212271,4.89040389686,1.23970931288
783,0.623307568552,4.8904039051,1.23970878373
784,0.623306573613,4.89040433812,1.23970940672
785,0.623309608734,4.89040340893,1.23970808131
786,0.623309125527,4.89040381296,1.23970865634
787,0.623255011617,4.89040011821,1.23972257741
788,0.623263659213,4.89039988761,1.23972054184
789,0.623312464761,4.89040330038,1.23970756198
790,0.623263460059,4.89040000739,1.2397200478
791,0.623306574854,4.89040385534,1.23970937801
792,0.623257674743,4.89039970443,1.23972126066
793,0.623312976772,4.89040434886,1.23970704161
794,0.62326351326,4.89039935633,1.23972079553
795,0.623305205799,4.89040343796,1.23970953553
796,0.623308942102,4.89040434377,1.23970852397
797,0.623268573985,4.89040082811,1.23971894056
798,0.623251622889,4.89040025273,1.23972316642
799,0.623262524945,4.89039945993,1.23972066313
800,0.623257628061,4.89039963985,1.23972158266
801,0.623315023149,4.89040431331,1.23970646993
802,0.623264637671,4.89039985219,1.23972035558
803,0.623313804295,4.89040420165,1.23970743814
804,0.623310725688,4.89040390089,1.2397076625
805,0.62330104266,4.89040409891,1.23971022656
806,0.623261431961,4.8903996269,1.23972026915
807,0.623304026967,4.89040400582,1.23970958784
808,0.623299483585,4.89040407218,1.23971091641
809,0.6232613073,4.89040045436,1.23972102329
810,0.623262585602,4.89040011208,1.23971986915
811,0.623299256381,4.89040361694,1.23971084012
812,0.623254503551,4.89039971228,1.2397223696
813,0.623307919225,4.89040391375,1.23970861611
814,0.623267083168,4.89040030075,1.23971966176
815,0.623302546904,4.89040351024,1.23971015502
816,0.623260038735,4.89039960114,1.23972089436
817,0.623308093407,4.89040396029,1.23970833321
818,0.623256163482,4.89039924419,1.23972167204
819,0.623297080803,4.89040364677,1.2397114855
820,0.623265277532,4.89039935226,1.23972017715
821,0.623259033574,4.89039967584,1.23972090465
822,0.623313678222,4.89040473506,1.23970727271
823,0.623305405404,4.89040353358,1.23970901153
824,0.623300634753,4.8904036672,1.23971010442
825,0.623304419347,4.89040443221,1.23970974074
826,0.623262359546,4.89039992937,1.2397208142
827,0.62326399043,4.89039962209,1.23971936723
828,0.623266070844,4.8904003589,1.23971975284
829,0.623265004439,4.89040035743,1.23972014518
830,0.62330865566,4.89040428624,1.23970889935
831,0.62326698665,4.89040052646,1.23971863008
832,0.623304371062,4.89040392707,1.23970983559
833,0.623260803898,4.89040012196,1.23972046636
834,0.623306824018,4.89040343379,1.23970897037
835,0.623269772298,4.89039982149,1.23971864501
836,0.623266422784,4.89039892916,1.23971945296
837,0.62326555776,4.89039995096,1.23971955636
838,0.623300439561,4.89040453878,1.23971067561
839,0.623261604952,4.89039963613,1.23972016299
840,0.623269555493,4.89039997886,1.23971797972
841,0.623304772486,4.89040444777,1.23970953956
842,0.623268793386,4.89039943994,1.23971849215
843,0.623264533696,4.89039990251,1.23972015537
844,0.623302621771,4.89040398858,1.2397101772
845,0.62330282464,4.89040362761,1.23970949999
846,0.6232646162,4.8903994536,1.23971993726
847,0.623314104624,4.89040418067,1.23970742871
848,0.623259134123,4.89039912684,1.23972115296
849,0.623305879791,4.89040433266,1.2397096833
850,0.623249053431,4.89039885559,1.23972376826
851,0.623312798329,4.89040385401,1.23970713489
852,0.62327341376,4.89039978301,1.23971751079
853,0.623259111386,4.89040000764,1.23972161825
854,0.623266400469,4.89040046993,1.23971910905
855,0.623305905733,4.89040391531,1.23970933649
856,0.62330646067,4.89040389992,1.23970920862
857,0.623310294922,4.89040383372,1.2397081356
858,0.623305786653,4.89040444098,1.23970920512
859,0.623257284844,4.8904001036,1.23972182492
860,0.623258537625,4.89040001897,1.23972177207
861,0.623306096998,4.8904039234,1.23970922912
862,0.623305157625,4.89040354838,1.23970903116
863,0.623266409353,4.8903995784,1.2397186995
864,0.623304791407,4.89040445027,1.23970952093
865,0.623304861844,4.89040436156,1.23970991464
866,0.623301649623,4.89040353057,1.23971038325
867,0.623297176639,4.89040355578,1.23971188083
868,0.62325542675,4.89039965408,1.23972231097
869,0.623258946746,4.89039962992,1.23972115302
870,0.623259736263,4.89039922966,1.23972044951
871,0.623292736076,4.89040427571,1.23971239338
872,0.623304286396,4.89040439045,1.23970998615
873,0.623298455349,4.89040405018,1.23971139197
874,0.623302315541,4.8904043629,1.23971082865
875,0.623308761509,4.89040436729,1.23970847808
876,0.623309906477,4.89040432174,1.23970827947
877,0.623302514509,4.89040389644,1.23971065135
878,0.623263328897,4.89040000657,1.23972009908
879,0.62330470257,4.89040346143,1.2397096065
880,0.623262445137,4.89039938406,1.23972105049
881,0.623263680001,4.89040013465,1.23971936698
882,0.623305333225,4.89040435054,1.23970979636
883,0.623300193106,4.89040348216,1.23971113843
884,0.623313152898,4.890403864,1.23970695952
885,0.623267211884,4.89039987771,1.23971930468
886,0.623260251411,4.89040005313,1.23972099125
887,0.623261341887,4.89039997508,1.23972096601
888,0.623302850189,4.89040349252,1.23971012911
889,0.623310992428,4.89040383164,1.2397078933
890,0.62326491625,4.89039951995,1.2397195153
891,0.623270573081,4.89040043603,1.2397177612
892,0.6232597007,4.89039918922,1.23972065346
893,0.623303897781,4.89040341927,1.23971009661
894,0.623301608676,4.89040356034,1.23971025738
895,0.623268758608,4.89040038756,1.23971864602
896,0.623258298908,4.89039928162,1.23972072342
897,0.623257503952,4.89039959449,1.23972184187
898,0.623299782759,4.89040362923,1.23971059179
899,0.623257900278,4.89040004721,1.23972186895
900,0.623308090953,4.89040429188,1.23970907678
901,0.623300682403,4.89040361928,1.23971031365
902,0.623262588542,4.89039993498,1.23972070496
903,0.623304323556,4.89040441627,1.23970985067
904,0.623268943113,4.89040036607,1.2397186809
905,0.62326613973,4.89039941561,1.23971956616
906,0.623295171858,4.89040309163,1.23971248913
907,0.623305063916,4.89040394505,1.23970950022
908,0.623265816855,4.8903995093,1.23971924014
909,0.623263600075,4.89040007335,1.23971968553
910,0.623308987642,4.8904045243,1.23970765442
911,0.623314324604,4.89040416837,1.2397074073
912,0.623264661931,4.89040055556,1.23971933272
913,0.623303908384,4.89040341703,1.23971010339
914,0.623259320256,4.89039967157,1.23972082124
915,0.623264898755,4.89039935304,1.23972031035
916,0.623307821807,4.89040481424,1.23970901531
917,0.62330034804,4.89040396764,1.23971109796
918,0.62326044619,4.8904000787,1.23972080005
919,0.623305609336,4.89040345624,1.23970930332
920,0.623307834072,4.89040343609,1.23970859442
921,0.623295532909,4.89040376567,1.23971148307
922,0.623312681069,4.89040373841,1.23970772349
923,0.623310725163,4.89040387729,1.2397077742
924,0.623262797006,4.8903999763,1.23972043433
925,0.623307883666,4.89040336176,1.23970892775
926,0.623262623113,4.89039949666,1.23972045408
927,0.623301653377,4.89040356591,1.23971021488
928,0.623302121532,4.89040348534,1.23971042643
929,0.623256376094,4.89039913045,1.23972213267
930,0.623253769222,4.89039979751,1.23972223224
931,0.623303504413,4.89040399069,1.23970984818
932,0.623307635928,4.89040389212,1.2397088207
933,0.623271402199,4.89039977826,1.23971826019
934,0.623264117976,4.8904000066,1.23971981376
935,0.623304703371,4.89040455972,1.23970903552
936,0.623311103488,4.89040431153,1.23970789508
937,0.623268820888,4.89040002521,1.23971802618
938,0.623301537351,4.89040404641,1.23971029586
939,0.62331223181,4.89040490331,1.23970700043
940,0.623253368665,4.89040014616,1.23972303907
941,0.623308968483,4.8904039724,1.23970795969
942,0.623263829978,4.89039963213,1.23971937781
943,0.623265783957,4.89039946535,1.2397194597
944,0.623267574906,4.89039983133,1.23971939266
945,0.62330537162,4.89040376081,1.23971025962
946,0.623302506128,4.89040396461,1.23971033226
947,0.623316566676,4.89040376708,1.23970618358
948,0.62326849139,4.89039988362,1.23971881434
949,0.623263700296,4.89039969655,1.23971912025
950,0.623314100956,4.89040464144,1.2397075623
951,0.623309733646,4.89040442361,1.23970786058
952,0.623307692232,4.8904033764,1.23970892773
953,0.623256617672,4.89039914421,1.23972198033
954,0.623270049761,4.89040036762,1.2397182736
955,0.623305744492,4.89040395937,1.23970918654
956,0.623261226975,4.89039962232,1.23972036489
957,0.62330632002,4.89040376749,1.23970988524
958,0.623248881691,4.89039931244,1.23972398111
959,0.623260717011,4.89039954729,1.23972090374
960,0.623302177579,4.8904035942,1.23970989173
961,0.623311401398,4.89040382208,1.23970779067
962,0.623263179925,4.89040054588,1.23971991407
963,0.623310948513,4.89040472526,1.23970830567
964,0.623299190356,4.89040306834,1.23971114676
965,0.623305732738,4.89040446261,1.23970912238
966,0.623304862614,4.89040403779,1.23970913472
967,0.623303136357,4.89040404339,1.23970973218
968,0.623265804103,4.89039952128,1.23971918813
969,0.623308095349,4.89040396164,1.23970832614
970,0.623306046977,4.89040401458,1.23970881635
971,0.623260042228,4.8903996865,1.23972048976
972,0.62326234638,4.89039954176,1.23972034099
973,0.623305075815,4.89040399364,1.2397092663
974,0.623260076861,4.89039961516,1.23972081433
975,0.623292630545,4.89040366869,1.23971299034
976,0.623307622265,4.89040381455,1.23970919217
977,0.623299704682,4.89040356373,1.23971092953
978,0.62330024715,4.89040360494,1.23971053873
979,0.623315451334,4.89040389273,1.23970599296
980,0.623303600409,4.89040488777,1.23971019361
981,0.623306275013,4.89040399936,1.23970880583
982,0.623302845422,4.8904046126,1.2397094572
983,0.623297943527,4.89040404238,1.23971161384
984,0.623301147017,4.89040356236,1.23971041468
985,0.623305257993,4.89040394371,1.23970943639
986,0.623306083476,4.89040399164,1.23970891152
987,0.623270173438,4.89039933674,1.23971848107
988,0.623308053322,4.89040489897,1.23970853124
989,0.623274238549,4.89039986236,1.23971683773
990,0.623258268447,4.89039960393,1.239721521
991,0.62326199005,4.89040060041,1.2397200864
992,0.623305162933,4.89040408747,1.2397087914
993,0.623313347724,4.89040436902,1.23970681227
994,0.623264576784,4.8903999503,1.23971991398
995,0.623263643475,4.89040014143,1.23971934812
996,0.623306382195,4.89040390387,1.23970921833
997,0.623259883605,4.89039964789,1.23972072952
998,0.623302963156,4.89040358804,1.23970963692
999,0.623268021886,4.89040044576,1.23971863728
